,symbol
0,BTC
1,ETH
2,USDT
3,SOL
4,BNB
5,XRP
6,USDC
7,ADA
8,AVAX
9,DOGE
10,SHIB
11,DOT
12,TON
13,TRX
14,LINK
15,MATIC
16,NEAR
17,BCH
18,UNI
19,LTC
20,APT
21,LEO
22,ICP
23,DAI
24,FIL
25,ATOM
26,RNDR
27,ETC
28,TAO
29,IMX
30,GRT
31,STX
32,OKB
33,INJ
34,HBAR
35,XLM
36,CRO
37,OP
38,THETA
39,FDUSD
40,KAS
41,PEPE
42,MKR
43,VET
44,WIF
45,RUNE
46,MNT
47,XMR
48,FTM
49,TIA
50,LDO
51,AR
52,SEI
53,FET
54,ARB
55,ALGO
56,JUP
57,SUI
58,FLOW
59,FLOKI
60,AAVE
61,GALA
62,BEAM
63,EGLD
64,BONK
65,BSV
66,DYDX
67,PYTH
68,QNT
69,CFX
70,AXS
71,STRK
72,KCS
73,SAND
74,AGIX
75,WLD
76,ORDI
77,MINA
78,BTT
79,SNX
80,XTZ
81,AKT
82,APE
83,FLR
84,BGB
85,CHZ
86,MANA
87,TUSD
88,RON
89,HNT
90,AXL
91,EOS
92,NEO
93,KAVA
94,ETHDYDX
95,XEC
96,1000SATS
97,WEMIX
98,IOTA
99,ZRX
100,CAKE
101,ROSE
102,AIOZ
103,KLAY
104,GNO
105,OSMO
106,JASMY
107,BLUR
108,DYM
109,WOO
110,LUNC
111,BTG
112,ASTR
113,ID
114,CRV
115,XRD
116,NEXO
117,RAY
118,CKB
119,MANTA
120,USDD
121,BOME
122,ENJ
123,GT
124,RBN
125,ENS
126,LUNA
127,IOTX
128,FTT
129,1INCH
130,PRIME
131,XDC
132,ONDO
133,LPT
134,OCEAN
135,PENDLE
136,COMP
137,FXS
138,CELO
139,OM
140,SUPER
141,HOT
142,RPL
143,TWT
144,NFT
145,ZIL
146,LRC
147,PIXEL
148,GMT
149,ALT
150,XAUt
151,SC
152,CORE
153,TFUEL
154,FLUX
155,METIS
156,GLM
157,GAL
158,ILV
159,CSPR
160,MASK
161,SSV
162,GLMR
163,ANKR
164,TRAC
165,ZETA
166,GMX
167,QTUM
168,ZEC
169,AMP
170,BAT
171,SKL
172,MEME
173,ELF
174,MOBILE
175,XEM
176,DCR
177,GAS
178,KDA
179,WAVES
180,DASH
181,JTO
182,ONE
183,XCH
184,ETHW
185,ARKM
186,VANRY
187,PAXG
188,KSM
189,JOE
190,SUSHI
191,CVX
192,MX
193,ANT
194,BICO
195,RVN
196,DEXE
197,NTRN
198,BabyDoge
199,T
200,stETH
201,WTRX
202,WBTC
203,WHBAR
204,BTCB
205,WBETH
206,RETH
207,MSOL
208,ZBU
209,USDe
210,vBNB
211,WBNB
212,CHEEL
213,cbETH
214,FRAX
215,FTN
216,PAAL
217,ORBR
218,HEX
219,WKAVA
220,KUJI
221,ETHFI
222,STRD
223,TEL
224,0x0
225,RLB
226,AUDIO
227,PORTAL
228,COQ
229,JST
230,XAI
231,MOG
232,SFP
233,POKT
234,DESO
235,AGI
236,AZERO
237,UMA
238,COTI
239,CFG
240,BAND
241,BORG
242,ICX
243,YFI
244,LSD
245,CHR
246,MAGIC
247,STORJ
248,ONT
249,RSR
250,ACH
251,vBTC
252,VTHO
253,BAL
254,API3
255,RLC
256,SFUND
257,CTC
258,EDU
259,WAXP
260,C98
261,POND
262,MYRO
263,NAKA
264,BDX
265,ATOR
266,FNSA
267,GF
268,ORCA
269,RSS3
270,AEVO
271,DAO
272,SXP
273,USTC
274,AI
275,YGG
276,STRAX
277,IQ
278,CTSI
279,LSK
280,IOST
281,CYBER
282,SLP
283,RIF
284,DGB
285,BONE
286,PROM
287,CELR
288,TRB
289,CQT
290,ADF
291,SYN
292,ACE
293,BIGTIME
294,TRUMP
295,NMR
296,FRONT
297,XVS
298,PHA
299,PYR
300,ALEX
301,ORAI
302,XNO
303,VVS
304,ZEN
305,OAS
306,ALPH
307,HIVE
308,BTRST
309,ZCX
310,AURORA
311,BNX
312,BORA
313,PEOPLE
314,SYS
315,TRIBE
316,PORK
317,POWR
318,NOIA
319,PYUSD
320,USDP
321,MBX
322,MAVIA
323,MOVR
324,GHX
325,USDB
326,ARK
327,SURE
328,POLYX
329,CGPT
330,NFP
331,FLEX
332,RBTC
333,NYM
334,LADYS
335,DENT
336,LCX
337,XPLA
338,PUNDIX
339,USDJ
340,TET
341,AITECH
342,SNT
343,MYRIA
344,XYM
345,APEX
346,TNC
347,WEN
348,ACA
349,HOOK
350,SDEX
351,SCRT
352,STG
353,SMOG
354,HBTC
355,MVL
356,ZBC
357,BOBA
358,HONEY
359,ABT
360,GNS
361,RDNT
362,XYO
363,LYX
364,SUN
365,KEEP
366,OMG
367,ELON
368,WIN
369,KNC
370,CUDOS
371,BFC
372,HFT
373,HT
374,vETH
375,ERG
376,DKA
377,DODO
378,STEEM
379,BLZ
380,GUSD
381,MRS
382,AUCTION
383,MLK
384,LQTY
385,ZIG
386,ATLAS
387,MAV
388,ERN
389,ALI
390,OXT
391,ONG
392,ALPHA
393,QI
394,WE
395,MTL
396,EURS
397,AGRS
398,DUSK
399,WILD
400,LUSD
401,PANDORA
402,MED
403,CVC
404,PHB
405,RACA
406,STPT
407,ALICE
408,ORBS
409,RAD
410,CHAT
411,SPELL
412,TLOS
413,GMT
414,POLIS
415,GTC
416,REQ
417,LOOM
418,ACS
419,LOOKS
420,TRIAS
421,PALM
422,SNEK
423,CTK
424,TOSHI
425,DAR
426,WMT
427,MBOX
428,POL
429,ankrETH
430,OGN
431,TON
432,CROWN
433,BFIC
434,RARE
435,HIFI
436,BAKE
437,ARDR
438,GAFI
439,vUSDC
440,VRA
441,REI
442,BITCOIN
443,BNT
444,ROOT
445,NKN
446,AGLD
447,WRX
448,TKO
449,GROK
450,PDA
451,BRISE
452,VR
453,UOS
454,CAH
455,HPO
456,CLV
457,MUBI
458,DNT
459,VAI
460,LAT
461,STMX
462,CTXC
463,MBL
464,NUM
465,ARPA
466,NXRA
467,BZR
468,TLM
469,QKC
470,AIDOGE
471,USDX
472,PRO
473,HIGH
474,POLY
475,PERP
476,POLS
477,XVG
478,GODS
479,CLORE
480,MAP
481,TOMI
482,BADGER
483,SWEAT
484,ORN
485,DIMO
486,WNXM
487,SDAO
488,PNG
489,CBK
490,REN
491,DMTR
492,MWC
493,FORT
494,ETN
495,XCAD
496,DAG
497,UQC
498,GOG
499,BUSD
500,5IRE
501,NEON
502,FORTH
503,META
504,VIC
505,ATA
506,TRU
507,ALEPH
508,BANANA
509,DNX
510,FX
511,ULTIMA
512,LYRA
513,STIK
514,TRAC
515,SOV
516,LON
517,DPI
518,XCN
519,APX
520,CRE
521,SHRAP
522,ELA
523,COPI
524,XPRT
525,ALCX
526,DFC
527,KWD
528,DATA
529,XCHNG
530,MDT
531,FIDA
532,VRSC
533,LINA
534,SLND
535,DFI
536,TSUKA
537,KYVE
538,MKUSD
539,NPT
540,DEXT
541,CERE
542,AERGO
543,DERO
544,DEGO
545,BETA
546,MEME
547,REEF
548,LEVER
549,EWT
550,DIA
551,MPL
552,MOB
553,SAMO
554,RLY
555,GEL
556,COL
557,PLANET
558,KIN
559,ALT
560,DIONE
561,MTRG
562,COMBO
563,SNS
564,FUN
565,PAID
566,DORA
567,BTCP
568,OZO
569,FLM
570,METAL
571,TT
572,HUNT
573,vXVS
574,SBD
575,AEUR
576,HOPR
577,STRK
578,ZTX
579,GFAL
580,TOKEN
581,VRTX
582,ALT
583,IDEX
584,RARI
585,CPOOL
586,BSW
587,COREUM
588,AMPL
589,WXT
590,LEASH
591,CEEK
592,vBUSD
593,MLN
594,SOLO
595,MNW
596,VXV
597,CHEQ
598,EVER
599,FCT
600,QUACK
601,GLQ
602,KISHU
603,DEP
604,VEGA
605,ASM
606,GHST
607,IRIS
608,ROUTE
609,CEL
610,LIME
611,BEL
612,STOS
613,OPUL
614,EURC
615,PSTAKE
616,BMX
617,LOKA
618,RVF
619,VLX
620,UTK
621,LIT
622,GST
623,WHITE
624,GRS
625,CCD
626,EXRD
627,LTO
628,STT
629,MPLX
630,MCB
631,TAVA
632,KATA
633,ERC20
634,ABBC
635,CREAM
636,QUICK
637,HAI
638,SUSD
639,NEOM
640,WAN
641,LMWR
642,SIDUS
643,MOC
644,UPP
645,TURBO
646,RSV
647,MCT
648,CELL
649,HELLO
650,COS
651,CREO
652,MDX
653,MXC
654,AOG
655,BTCD
656,ASTRAFER
657,GFI
658,ZANO
659,SLIM
660,TARA
661,ALU
662,WNCG
663,AQT
664,ACX
665,WRLD
666,KWENTA
667,H2O
668,DCK
669,UNFI
670,VELO
671,NCT
672,PIT
673,KEY
674,AHT
675,ISIKC
676,MOON
677,HTM
678,COVAL
679,QUICK
680,BURGER
681,BLOK
682,CHESS
683,AVINOC
684,KLV
685,MIN
686,KMD
687,CAPS
688,VIDT
689,TRADE
690,10SET
691,NIZA
692,GSWIFT
693,FLIX
694,WAGMIGAMES
695,PROPC
696,ABEL
697,ASD
698,UFO
699,MLT
700,SSX
701,FON
702,INSP
703,IDIA
704,VCNT
705,TABOO
706,AURA
707,XPR
708,NOM
709,AVA
710,IOT
711,SHX
712,CUSD
713,EURt
714,FIS
715,PSG
716,WIFI
717,KIMBO
718,NULS
719,DBC
720,WING
721,OFN
722,OORT
723,DERC
724,AMB
725,FOX
726,QRDO
727,VOXEL
728,XWC
729,PRQ
730,XSGD
731,CVTX
732,VOLT
733,DEL
734,STARL
735,AVT
736,NTX
737,BAR
738,OPTI
739,CAGA
740,KP3R
741,DOCK
742,vUSDT
743,HTR
744,ADX
745,SANTOS
746,NCDT
747,CSIX
748,RBX
749,BOSON
750,LOCUS
751,ALPACA
752,ARRR
753,HARD
754,PSP
755,ASTX
756,CENNZ
757,SOLAMA
758,CRTS
759,TONIC
760,UFT
761,SILLY
762,FARM
763,RAMP
764,STRX
765,PIVX
766,PONKE
767,FAR
768,PDT
769,BOND
770,BAD
771,QOM
772,PNK
773,BOTTO
774,GET
775,INV
776,GTAI
777,FIO
778,CONX
779,DVPN
780,VITE
781,IMGNAI
782,SLG
783,DVI
784,BZZ
785,SPA
786,SD
787,CETUS
788,ML
789,AXEL
790,CTX
791,ONIT
792,MCADE
793,BIFI
794,LING
795,JEWEL
796,CAST
797,WSG
798,PTS
799,MMIT
800,HERO
801,KAI
802,EPS
803,GFT
804,AKRO
805,MOBY
806,SOUL
807,RMRK
808,XNA
809,QORPO
810,MAN
811,FITFI
812,NODL
813,AST
814,KAR
815,SIS
816,SPS
817,UNIBOT
818,ORNJ
819,BBF
820,ALPINE
821,OG
822,WSM
823,TPT
824,XCP
825,YOOSHI
826,LAZIO
827,MONA
828,XEP
829,RKN
830,EL
831,QRL
832,LIKE
833,USDK
834,CET
835,POOLX
836,SHPING
837,NWC
838,CULT
839,FIRO
840,BCD
841,TIME
842,SCLP
843,VMINT
844,MATH
845,VGX
846,CITY
847,CATGIRL
848,DC
849,FYN
850,JESUS
851,TRVL
852,FOR
853,EPX
854,AIPAD
855,CWEB
856,FUL
857,FRM
858,DF
859,SWAP
860,DG
861,TROY
862,ARG
863,CRU
864,KEX
865,ICHI
866,POLA
867,SWFTC
868,RXD
869,DPR
870,PIP
871,YFII
872,PEPE2.0
873,SUKU
874,KILT
875,MIX
876,BNC
877,OTK
878,BOO
879,DFG
880,BDP
881,BCA
882,PORTO
883,AURY
884,GZONE
885,SWASH
886,HAPI
887,FUSE
888,3ULL
889,BABYBONK
890,KRL
891,DRGN
892,JOY
893,RENBTC
894,DREP
895,SDN
896,BROCK
897,SRM
898,MNGO
899,REVV
900,DCB
901,EFX
902,SQUIDGROW
903,HEZ
904,SQR
905,GMM
906,NAVI
907,AKITA
908,SHIDO
909,ZUSD
910,SFD
911,SAITO
912,KSP
913,ISK
914,FSN
915,CUMMIES
916,ZF
917,PROPS
918,STC
919,UBT
920,BST
921,SOLVE
922,BBL
923,UX
924,HVH
925,AMO
926,TPY
927,AE
928,BEAM
929,ROA
930,LAMB
931,STEP
932,LM
933,UNS
934,VIB
935,PMPY
936,PIB
937,AREA
938,HEGIC
939,BTCU
940,PROS
941,KASTA
942,ADS
943,ARTY
944,USDV
945,CVP
946,TOKE
947,AZIT
948,CUBE
949,MEV
950,$MONG
951,VINU
952,PNT
953,DIME
954,BIOT
955,BTM
956,GRND
957,DVF
958,GENE
959,PUSH
960,XTM
961,OOKI
962,KCT
963,SMT
964,FNCY
965,WIKEN
966,FRA
967,EGG
968,SSWP
969,OHO
970,NIM
971,DUEL
972,AFC
973,JUV
974,YLD
975,NYC
976,LSS
977,RWA
978,NetZ
979,GAL
980,BIM
981,AEG
982,SN
983,COT
984,NEXA
985,HNS
986,SOFI
987,TKP
988,stWEMIX
989,ACM
990,NFTX
991,XDB
992,BRICK
993,LUSH
994,NVIR
995,BAN
996,EPIK
997,SWTH
998,UNCX
999,SHI
1000,HYDRA
1001,SELO
1002,DIO
1003,LA
1004,LITH
1005,XDEFI
1006,WOMBAT
1007,IZI
1008,DLC
1009,FEI
1010,BAX
1011,BIDR
1012,REP
1013,RPG
1014,QTCON
1015,UPUNK
1016,BLY
1017,OAX
1018,PKF
1019,NRG
1020,GYEN
1021,BSCPAD
1022,GARI
1023,XRT
1024,OBSR
1025,APM
1026,GMEE
1027,WWY
1028,VALOR
1029,BRN
1030,ADP
1031,TORN
1032,OOE
1033,BITCI
1034,PBX
1035,ATM
1036,DFL
1037,BTS
1038,NEST
1039,VEED
1040,BEPRO
1041,VAL
1042,GAINS
1043,HOGE
1044,SPURS
1045,MDAO
1046,AGLA
1047,LBL
1048,INDY
1049,RAIN
1050,KAN
1051,DOME
1052,IDRT
1053,OMAX
1054,SHR
1055,INTER
1056,WAIT
1057,OVR
1058,TEMCO
1059,vLINK
1060,ARKI
1061,ARIA20
1062,GG
1063,OUSD
1064,GSWAP
1065,WOW
1066,SMURFCAT
1067,UMB
1068,BRWL
1069,HONK
1070,PRE
1071,PLU
1072,SOCKS
1073,ISP
1074,DECHAT
1075,TAROT
1076,SENATE
1077,MASQ
1078,PPC
1079,ANALOS
1080,WNZ
1081,ID
1082,SYLO
1083,MUSE
1084,VTS
1085,HMND
1086,GQ
1087,SCPT
1088,NETVR
1089,CON
1090,BTCXT
1091,TAMA
1092,OXEN
1093,MV
1094,STC
1095,OXB
1096,THG
1097,HUSD
1098,GRG
1099,VIX
1100,PZP
1101,RISE
1102,BUY
1103,CGO
1104,XWG
1105,MULTI
1106,MTD
1107,ALGB
1108,MTV
1109,CEUR
1110,NOW
1111,UPO
1112,ONE
1113,REV3L
1114,UFI
1115,SHFT
1116,LNC
1117,BCUBE
1118,GOVI
1119,LOVELY
1120,POR
1121,BWO
1122,GRACY
1123,PKT
1124,MENGO
1125,RING
1126,MANC
1127,PTU
1128,DACXI
1129,TOWER
1130,UFC
1131,PMG
1132,MEMEAI
1133,ZKB
1134,ISLM
1135,SHOPX
1136,RADAR
1137,CHRP
1138,BLT
1139,STFX
1140,FCON
1141,EFI
1142,MAHA
1143,CCC
1144,DIVI
1145,SIN
1146,STAT
1147,WHALE
1148,AMU
1149,BOA
1150,GEEQ
1151,LOOT
1152,FER
1153,COLX
1154,CWAR
1155,XNC
1156,KLEVA
1157,FUND
1158,NEX
1159,RAE
1160,CTI
1161,BTR
1162,GBYTE
1163,HSF
1164,SUB
1165,MEE
1166,SCP
1167,WALLET
1168,EQUAD
1169,PDEX
1170,TRA
1171,HDN
1172,PAW
1173,KDAG
1174,RFOX
1175,GO
1176,BLOCX
1177,WOM
1178,BABY
1179,KUNCI
1180,GAME
1181,DARK
1182,CDT
1183,GRV
1184,LITT
1185,MBS
1186,DEFIT
1187,QUINT
1188,THE
1189,ACE
1190,DOSE
1191,UNB
1192,NMC
1193,SENSO
1194,GMCOIN
1195,IDV
1196,ASK
1197,IMPT
1198,ES
1199,ZNN
1200,BTC2
1201,DAD
1202,HTD
1203,BREED
1204,DIP
1205,PALLA
1206,KLIMA
1207,PERC
1208,XED
1209,XELS
1210,BCN
1211,GC
1212,GORILLA
1213,vLTC
1214,CPR
1215,DHT
1216,CPH
1217,INFRA
1218,RBW
1219,HAM
1220,HC
1221,ATR
1222,ORC
1223,DEFI
1224,OLE
1225,MCRT
1226,ROCO
1227,UNIX
1228,BRG
1229,SHIRYO
1230,DSLA
1231,DUST
1232,PIKA
1233,EMRX
1234,TREEB
1235,vDAI
1236,DMD
1237,KIBSHI
1238,BTCST
1239,SPH
1240,KMA
1241,GXA
1242,WNT
1243,TSUGT
1244,MIR
1245,DOBO
1246,SWCH
1247,STBU
1248,GRIN
1249,STRM
1250,BEND
1251,ORB
1252,CBG
1253,NYE
1254,HOSKY
1255,VERSE
1256,EVZ
1257,CRPT
1258,LAND
1259,CLEO
1260,BF
1261,VEXT
1262,RIO
1263,ANC
1264,AVL
1265,DOGA
1266,EGO
1267,CAS
1268,WITCH
1269,RAI
1270,ETHAX
1271,MINT
1272,RGT
1273,VSYS
1274,MARS4
1275,OGV
1276,ACA
1277,UMT
1278,LCC
1279,PBR
1280,CHO
1281,SOS
1282,MOOV
1283,PCX
1284,PART
1285,DEFROGS
1286,VEST
1287,0XDEV
1288,REV
1289,ROOBEE
1290,PLI
1291,WELT
1292,ASR
1293,MTLX
1294,WSI
1295,VAI
1296,GNY
1297,PLF
1298,LBP
1299,DFYN
1300,EML
1301,RITE
1302,CA
1303,OOKS
1304,SHILL
1305,HZN
1306,NAP
1307,BONDLY
1308,POLC
1309,VC
1310,REVO
1311,LGCY
1312,JGN
1313,RET
1314,SHEB
1315,IGNIS
1316,MVC
1317,HYPR
1318,AMON
1319,LTX
1320,MITX
1321,CONE
1322,NRK
1323,HEC
1324,NFTB
1325,GRP
1326,CRWNY
1327,EGG
1328,MOZ
1329,ORT
1330,TRC
1331,POLK
1332,CHI
1333,SCOTTY
1334,PNP
1335,MNTC
1336,BOZO
1337,TEER
1338,MOVE
1339,SPX
1340,KINE
1341,BOLT
1342,SNC
1343,XHV
1344,EXFI
1345,TENT
1346,PROPS
1347,METFI
1348,EPIC
1349,RAINI
1350,AART
1351,CGG
1352,CBX
1353,BTCBAM
1354,RBLS
1355,BAAS
1356,$REKT
1357,DAFI
1358,LYM
1359,POLX
1360,DYP
1361,STRP
1362,ABOND
1363,VPP
1364,ALVA
1365,SFI
1366,UNO
1367,PICKLE
1368,DICE
1369,DX
1370,YUSRA
1371,NEER
1372,EFC
1373,ERTHA
1374,FEVR
1375,vDOT
1376,MYST
1377,SHROOM
1378,WOZX
1379,UBXS
1380,MINU
1381,MONI
1382,INTR
1383,BEAT
1384,VSP
1385,GMMT
1386,URUS
1387,NHT
1388,PEAK
1389,VRT
1390,STC
1391,XTAG
1392,BTSE
1393,FO
1394,ELMO
1395,PEEL
1396,VTC
1397,BSCS
1398,ADM
1399,TFT
1400,WLKN
1401,KYL
1402,ZYN
1403,GLEEC
1404,FEAR
1405,CIV
1406,SKEY
1407,YAXIS
1408,vSXP
1409,KROM
1410,IDEA
1411,SPIRIT
1412,BLP
1413,WECAN
1414,ARV
1415,FREE
1416,ASTA
1417,PRNT
1418,KOM
1419,DJED
1420,DAPPX
1421,MOVEZ
1422,OXBT
1423,EXNT
1424,IDLE
1425,DONUT
1426,CWS
1427,SAUBER
1428,WOOF
1429,BKN
1430,NVT
1431,VIDYA
1432,JULD
1433,KEKE
1434,LBC
1435,RAZOR
1436,SCCP
1437,LUCA
1438,CCT
1439,DPS
1440,SAM
1441,VISION
1442,XFC
1443,UNICE
1444,WEFI
1445,CRT
1446,EXE
1447,VAB
1448,PAWTH
1449,WOM
1450,CRP
1451,BXX
1452,TUNE
1453,MCHC
1454,SIGNA
1455,KICK
1456,TOMS
1457,ARIX
1458,PZM
1459,BFT
1460,PORNROCKET
1461,VEMP
1462,IQT
1463,XTP
1464,TIFI
1465,BNANA
1466,STARS
1467,XTN
1468,HI
1469,PUSSY
1470,ZEE
1471,SALT
1472,TUP
1473,ONE
1474,GST
1475,PLY
1476,JAM
1477,AME
1478,THN
1479,JETTON
1480,AIMX
1481,UPC
1482,ZAI
1483,JOY
1484,HOD
1485,SAFE
1486,AIBB
1487,GHOST
1488,IHC
1489,KALM
1490,LQR
1491,GST
1492,NBT
1493,SNFT
1494,HOTCROSS
1495,O3
1496,AXIS
1497,KONO
1498,MTA
1499,PXP
1500,CMP
1501,GOAL
1502,IPAD
1503,SPC
1504,VEUR
1505,IDNA
1506,XCV
1507,PRISM
1508,ITGR
1509,VLXPAD
1510,BBS
1511,EBEN
1512,RPG
1513,WOOP
1514,CIRUS
1515,DAMEX
1516,DOGGY
1517,ASTRO
1518,PUMLX
1519,GOZ
1520,SOIL
1521,GAME
1522,PING
1523,ZAP
1524,LUFC
1525,CHEEMS
1526,KMON
1527,INSUR
1528,BIP
1529,DERI
1530,KINGSHIB
1531,SUTER
1532,PPT
1533,XRUNE
1534,SERO
1535,SELF
1536,PMON
1537,VV
1538,SHIA
1539,ZELIX
1540,RAIN
1541,ODDZ
1542,DPET
1543,KING
1544,MAX
1545,MSTR
1546,BLOX
1547,ALLIN
1548,IGU
1549,VCF
1550,K21
1551,BIRD
1552,CONV
1553,CSM
1554,MARSH
1555,BIFI
1556,NFTART
1557,JAM
1558,MOD
1559,AIRI
1560,TRAVA
1561,CATMAN
1562,EMAGIC
1563,BCMC
1564,SOULS
1565,PEX
1566,MRST
1567,WICC
1568,GOC
1569,AOA
1570,MONA
1571,JMPT
1572,YAM
1573,UBX
1574,DRF
1575,PAY
1576,SPO
1577,OMC
1578,ALY
1579,CTT
1580,FB
1581,NORD
1582,LAYER
1583,OTO
1584,NSFW
1585,ORARE
1586,EDG
1587,LIGHT
1588,DREAMS
1589,NBLU
1590,NABOX
1591,PAC
1592,OLT
1593,KLO
1594,TIN
1595,HORD
1596,XOR
1597,EVA
1598,HAWK
1599,PLR
1600,SKEB
1601,WALV
1602,TRIX
1603,SPORE
1604,TOP
1605,AOG
1606,AUTO
1607,OGGY
1608,WTC
1609,TULIP
1610,MNFT
1611,OJA
1612,MF
1613,DDX
1614,BASE
1615,ETHPAD
1616,FRIN
1617,SMI
1618,XFT
1619,HIPENGUINS
1620,MARO
1621,ROOK
1622,CARBON
1623,GMPD
1624,ZOO
1625,SRK
1626,JOB
1627,VCHF
1628,KAT
1629,CATHEON
1630,AM
1631,ELDA
1632,0xBTC
1633,KNIGHT
1634,FLX
1635,DINGO
1636,MAPS
1637,BIST
1638,SHA
1639,ODIN
1640,ELMON
1641,1ART
1642,XMON
1643,POSI
1644,eRSDL
1645,BHO
1646,AVATLY
1647,BGL
1648,HIBS
1649,KUBE
1650,ARDX
1651,CTG
1652,BRZE
1653,HAKKA
1654,STAKE
1655,UNISTAKE
1656,YBO
1657,DONS
1658,AKI
1659,NSBT
1660,CINU
1661,BRKL
1662,MTH
1663,NAVI
1664,BTCZ
1665,PLASTIK
1666,KZEN
1667,PLT
1668,vBCH
1669,CEP
1670,MMAI
1671,PERI
1672,ADAPAD
1673,XNL
1674,MEFA
1675,XPM
1676,GIO
1677,APL
1678,ATT
1679,EM
1680,STM
1681,ALPHABET
1682,EXM
1683,XRPH
1684,XY
1685,GLCH
1686,AX
1687,CTCN
1688,BLAST
1689,SYNC
1690,PACE
1691,TIPS
1692,BELT
1693,PTP
1694,LABS
1695,LEG
1696,ELAND
1697,CLO
1698,SHND
1699,AVG
1700,DXGM
1701,GALO
1702,SPARTA
1703,EOSDT
1704,BTX
1705,SPFC
1706,CZGOAT
1707,MITH
1708,MMA
1709,HIDOODLES
1710,ILC
1711,IOEN
1712,FEX
1713,PUT
1714,RFUEL
1715,MFC
1716,DEC
1717,CAT
1718,KTN
1719,FWC
1720,FTC
1721,GRLC
1722,EUM
1723,NIX
1724,HIENS3
1725,FRKT
1726,LOCG
1727,IBFK
1728,NINO
1729,DON
1730,PKR
1731,VEX
1732,MRX
1733,GFI
1734,BITS
1735,REGENT
1736,PETS
1737,TRV
1738,ABYSS
1739,GLINT
1740,YEC
1741,LINKA
1742,DTX
1743,IBS
1744,A
1745,NAFT
1746,DCN
1747,KSN
1748,HYVE
1749,GOB
1750,OLY
1751,WEST
1752,THC
1753,PVU
1754,SLRS
1755,SLICE
1756,C20
1757,EDEN
1758,MINT
1759,X
1760,RVLT
1761,HMQ
1762,PLSPAD
1763,TOKO
1764,BLANK
1765,PYM
1766,XPC
1767,XBC
1768,ARCONA
1769,ATOLO
1770,PFL
1771,WZRD
1772,IMT
1773,PERL
1774,FBX
1775,ACQ
1776,SKILL
1777,COR
1778,SAKAI
1779,KOK
1780,AIT
1781,AGA
1782,OXY
1783,ACK
1784,CYC
1785,LOWB
1786,FARA
1787,DXL
1788,ZOON
1789,SALD
1790,TONE
1791,BXC
1792,PXC
1793,MIST
1794,EARN
1795,VEIL
1796,CRA
1797,OGGY
1798,MINTME
1799,STRONG
1800,IOI
1801,STARSHIP
1802,VNXAU
1803,ICE
1804,FWT
1805,UDO
1806,ZEFU
1807,POR
1808,ISLAMI
1809,ZCL
1810,CO
1811,REAP
1812,CLEG
1813,OCE
1814,GOLD
1815,GNX
1816,BIS
1817,SNM
1818,COMBO
1819,BHC
1820,SOV
1821,TH
1822,OPIUM
1823,SOHOT
1824,FINA
1825,WFAI
1826,CLOAK
1827,VIT
1828,S4F
1829,NFTY
1830,SHOP
1831,KRIPTO
1832,BMON
1833,GTH
1834,EUNO
1835,METAQ
1836,CFi
1837,404A
1838,PLOT
1839,BALPHA
1840,VXL
1841,NEI
1842,STND
1843,KCCPAD
1844,HANDY
1845,TXA
1846,NBS
1847,NERD
1848,ZER
1849,DIGG
1850,erowan
1851,TKING
1852,AWC
1853,SUMO
1854,PLAY
1855,SATA
1856,LTRBT
1857,WSG
1858,HYPER
1859,HPB
1860,AGATA
1861,BOB
1862,HUSL
1863,MTVT
1864,HUSH
1865,QRT
1866,FXDX
1867,DDK
1868,WNDR
1869,SHI
1870,XLD
1871,XRP
1872,BBANK
1873,BMI
1874,MAT
1875,8PAY
1876,ETHO
1877,SWP
1878,EQZ
1879,ZIK
1880,PAPI
1881,HAN
1882,GEM
1883,NFTD
1884,ROCKI
1885,XPNET
1886,RFR
1887,MASS
1888,LEV
1889,COT
1890,SCC
1891,TRR
1892,PAINT
1893,AZY
1894,PAR
1895,KABY
1896,PACOCA
1897,ALA
1898,SATT
1899,BLKC
1900,XBY
1901,ZLW
1902,BIN
1903,CNS
1904,HIFLUF
1905,HIFIDENZA
1906,PEL
1907,IF
1908,BANK
1909,CVT
1910,TROLL
1911,LIFE
1912,DRT
1913,AZ
1914,CTT
1915,QRK
1916,KANGAL
1917,UBEX
1918,ZYB
1919,LFW
1920,INEX
1921,RAZE
1922,DESU
1923,PLANETS
1924,TIDAL
1925,HIBAYC
1926,KDG
1927,HIPUNKS
1928,OPEN
1929,CLS
1930,TITAN
1931,GLC
1932,DNXC
1933,FTG
1934,QWAN
1935,BTB
1936,KAMPAY
1937,PTF
1938,HGET
1939,OCTO
1940,SILVA
1941,COOK
1942,RPZX
1943,ACN
1944,HIMAYC
1945,HTML
1946,DFA
1947,LNR
1948,SWINGBY
1949,RUFF
1950,TXL
1951,CNB
1952,MPH
1953,DDOS
1954,DEXA
1955,CRP
1956,BUY
1957,BeAI
1958,RACEFI
1959,MEMEMINT
1960,WATCH
1961,HICOOLCATS
1962,AG8
1963,SWRV
1964,BLINK
1965,DRC
1966,UBDN
1967,SOUL
1968,CRX
1969,CNTR
1970,TFBX
1971,HISQUIGGLE
1972,MIBR
1973,XCUR
1974,OBX
1975,FOR
1976,MTC
1977,AITRA
1978,LANC
1979,FINE
1980,DWEB
1981,NUX
1982,VAL
1983,HIAZUKI
1984,ROYA
1985,HGOLD
1986,NGM
1987,HELMET
1988,SWOP
1989,LKR
1990,ASPO
1991,HBX
1992,STEP
1993,BUSY
1994,ALL
1995,ROUSH
1996,NEWS
1997,SAO
1998,HIMFERS
1999,XIO
2000,STV
2001,MUDOL2
2002,CAI
2003,KTON
2004,HIMEEBITS
2005,XNO
2006,RVC
2007,SNB
2008,DHV
2009,SXS
2010,DZG
2011,SFX
2012,PWAR
2013,ATP
2014,ESD
2015,YF-DAI
2016,GCOIN
2017,DAWN
2018,DUCKIES
2019,XCASH
2020,EXGO
2021,TKS
2022,EVRY
2023,DDIM
2024,DAVIS
2025,SKU
2026,RAINBOW
2027,AC
2028,FCL
2029,MSU
2030,LDOGE
2031,OIN
2032,TRAXX
2033,MYRA
2034,WAG
2035,CYCLUB
2036,SDT
2037,CPO
2038,APRIL
2039,PLC
2040,BAKE
2041,PLAY
2042,UCH
2043,DYNA
2044,PCNT
2045,SNOW
2046,ING
2047,SHARE
2048,APN
2049,TANK
2050,SAKE
2051,NEBL
2052,SHRED
2053,WSPP
2054,INXT
2055,BTRS
2056,MAKI
2057,PASC
2058,NRV
2059,1EARTH
2060,HNTR
2061,FPFT
2062,NOR
2063,BAC
2064,ARES
2065,BANANA
2066,GLS
2067,NAX
2068,SMART
2069,T99
2070,L2
2071,LEAD
2072,AD
2073,GMAT
2074,MOTA
2075,KART
2076,MOMA
2077,HICLONEX
2078,TRL
2079,SYP
2080,SPWN
2081,ZUM
2082,UPI
2083,KEYFI
2084,HIUNDEAD
2085,IDRX
2086,HIGAZERS
2087,AXIS
2088,TIK
2089,UPX
2090,X42
2091,DCNTR
2092,TKB
2093,PYME
2094,DOP
2095,HIRENGA
2096,RUSH
2097,SPORT
2098,APY
2099,IPX
2100,POLI
2101,EZ
2102,APYS
2103,PPAY
2104,BDP
2105,GDAO
2106,NEU
2107,ZNZ
2108,GOF
2109,JRT
2110,HIBEANZ
2111,ORION
2112,TCP
2113,SNOB
2114,GSTS
2115,HIFRIENDS
2116,ARGON
2117,DINO
2118,FYD
2119,BP
2120,HOPE
2121,HIMOONBIRDS
2122,APL
2123,DEM
2124,MILK2
2125,GARD
2126,BPS
2127,CLX
2128,FS
2129,HIENS4
2130,FXF
2131,GS
2132,SEON
2133,COGI
2134,FIN
2135,ETHA
2136,NEXT
2137,NYZO
2138,ALN
2139,BEER
2140,HIODBS
2141,GEO
2142,NOV
2143,TYC
2144,PHX
2145,RITO
2146,MSB
2147,DONA
2148,PRCY
2149,VDR
2150,HISAND33
2151,JET
2152,AYA
2153,RUNE
2154,TELOS
2155,HIVALHALLA
2156,HIOD
2157,AMA
2158,BTZC
2159,HISEALS
2160,CORGIB
2161,IGG
2162,ORAO
2163,FORM
2164,CANDY
2165,DOWS
2166,XWP
2167,ARGO
2168,BUNNY
2169,BC
2170,CRE8
2171,ZORA
2172,XAS
2173,EBA
2174,CHICKS
2175,WOW
2176,PHR
2177,FTX
2178,BCUG
2179,SHIELD
2180,XLAB
2181,BOLI
2182,BRY
2183,IQ
2184,METAX
2185,ASW
2186,YVS
2187,AIRT
2188,DOGES
2189,HYPE
2190,BUNI
2191,FLASH
2192,GENESIS
2193,TBX
2194,FRTS
2195,TCS
2196,SNY
2197,MEVR
2198,JADE
2199,FBN
2200,VSO
2201,DUCK
2202,FREED
2203,RBLX
2204,TNT
2205,SHACK
2206,HERO
2207,SABLE
2208,ALLBI
2209,BURN
2210,YIELD
2211,SHARD
2212,N8V
2213,DAPP
2214,ZUM
2215,TIP
2216,WQT
2217,EKTA
2218,SENC
2219,UCA
2220,XCT
2221,SPUME
2222,MSWAP
2223,YTN
2224,NEVA
2225,FOC
2226,BYN
2227,GMD
2228,EVY
2229,SOLX
2230,LYRA
2231,OPCT
2232,GUM
2233,$ANRX
2234,MCC
2235,LFG
2236,ATMOS
2237,RGP
2238,MMO
2239,KWT
2240,HIBAKC
2241,SHOE
2242,SFUEL
2243,SCONEX
2244,RED
2245,TZC
2246,LUA
2247,CORX
2248,AFEN
2249,FLIXX
2250,POLIS
2251,DIFI
2252,BEM
2253,BETU
2254,VIVO
2255,INN
2256,STAK
2257,TOTM
2258,KCASH
2259,NSURE
2260,XUI
2261,PRARE
2262,OMC
2263,EGG
2264,BTT
2265,BLS
2266,SKP
2267,XDOGE
2268,NRFB
2269,RAGE
2270,BOUTS
2271,AZUKI
2272,SMTY
2273,1UP
2274,PYRO
2275,ALPHR
2276,ISA
2277,RENA
2278,TAP
2279,NTRN
2280,AIM
2281,NCash
2282,CTT
2283,ARCH
2284,KGO
2285,ERA
2286,KUV
2287,UNI
2288,HTZ
2289,KFT
2290,MEL
2291,GOSS
2292,BNU
2293,LUC
2294,UFARM
2295,1MIL
2296,LUS
2297,DOM
2298,LITHO
2299,SKYRIM
2300,TWIN
2301,GDR
2302,NDX
2303,GXT
2304,SGT
2305,SWP
2306,ARCO
2307,CSPN
2308,FIU
2309,ETNA
2310,TEM
2311,GAJ
2312,ROOM
2313,PXT
2314,MOWA
2315,INNBC
2316,MDTK
2317,NIFT
2318,SNN
2319,SWG
2320,XDNA
2321,PRVC
2322,HXA
2323,STREAM
2324,SCHO
2325,FLL
2326,CNTM
2327,ECO
2328,MARTK
2329,AVA
2330,BNF
2331,AXE
2332,KWS
2333,ACOIN
2334,GRIMM
2335,KWIK
2336,REW
2337,BSL
2338,PHNX
2339,CARE
2340,PAYB
2341,FUZE
2342,ELET
2343,FOTA
2344,XMV
2345,LAND
2346,XGM
2347,DONU
2348,MATE
2349,EGG
2350,FBX
2351,CRDT
2352,KZC
2353,KEMA
2354,CYL
2355,IRA
2356,ZCR
2357,SCAP
2358,SEFA
2359,CBIX-P
2360,ECU
2361,STO
2362,SFG
2363,PIAS
2364,PRMX
2365,ASKO
2366,ARNX
2367,WSPP
2368,CPAN
2369,RNBW
2370,DRC
2371,YFFII
2372,SOL
2373,WETH
2374,SLERF
2375,$NAP
2376,USDC.e
2377,WAVAX
2378,JITOSOL
2379,BXC
2380,USDE
2381,BSOL
2382,HTX
2383,NADA
2384,TRY
2385,SATS
2386,WMATIC
2387,rats
2388,EZETH
2389,USDbC
2390,WSTETH
2391,vCAKE
2392,BTC.b
2393,PENG
2394,POPCAT
2395,JLP
2396,TROLL
2397,LAI
2398,weETH
2399,CNX
2400,CRVUSD
2401,ALITA
2402,MMXN
2403,vADA
2404,UZX
2405,NOTE
2406,DMAIL
2407,GPT
2408,PUNKAI
2409,WBT
2410,WPLS
2411,NMT
2412,1CAT
2413,BODEN
2414,POOH
2415,WBS
2416,SCA
2417,AERO
2418,PORT3
2419,NOS
2420,axlUSDC
2421,WCANTO
2422,ZKF
2423,BABYSOL
2424,BALLZ
2425,SOLS
2426,PEPE
2427,WHALES
2428,NIBI
2429,ORDS
2430,MICE
2431,SAVM
2432,ELU
2433,TREMP
2434,VNDC
2435,NGL
2436,CYBONK
2437,XEN
2438,NEVER
2439,BRETT
2440,slisBNB
2441,MEDIA
2442,TDROP
2443,MUSIC
2444,BOB
2445,GEC
2446,PLSX
2447,TURT
2448,ZUZALU
2449,DOGE
2450,ANDY
2451,BENDOG
2452,vXRP
2453,HARAMBE
2454,DUKO
2455,DGI
2456,FLY
2457,vDOGE
2458,MPT
2459,JSM
2460,ZERO
2461,TOX
2462,WFTM
2463,SMILEY
2464,PRISMA
2465,.COM
2466,FIRE
2467,TBTC
2468,GPU
2469,sAVAX
2470,BABYGROK
2471,UP
2472,VELO
2473,APEWIFHAT
2474,STRUMP
2475,SOLC
2476,WHOREN
2477,EDLC
2478,CR
2479,SERSH
2480,GOO
2481,WSTUSDT
2482,vMATIC
2483,PAJAMAS
2484,BVM
2485,WCRO
2486,FLIP
2487,NAVX
2488,BETH
2489,MNDE
2490,WYNN
2491,TRUMPEPE
2492,vFIL
2493,VRC
2494,XTUSD
2495,ZEND
2496,ZYN
2497,BONK2.0
2498,OPSEC
2499,BORK
2500,SAROS
2501,OLAS
2502,BRT
2503,MMSS
2504,SLN
2505,XPET
2506,SCT
2507,WEGLD
2508,ENTC
2509,SWETH
2510,AXGT
2511,WAMPL
2512,SHDW
2513,GME
2514,BSSB
2515,P2PS
2516,WNEAR
2517,USDT.e
2518,LBR
2519,USD+
2520,BABY
2521,LBK
2522,PEPE
2523,CORGIAI
2524,XETA
2525,NOCHILL
2526,HGPT
2527,WTAO
2528,vUNI
2529,OMNI
2530,PPT
2531,BOBO
2532,RSETH
2533,NEXT
2534,YES
2535,XAVA
2536,PT
2537,THL
2538,stSOL
2539,ICE
2540,AWT
2541,FLC
2542,MAV
2543,BTCS
2544,IPV
2545,VANA
2546,DOG
2547,PUFETH
2548,AVIVE
2549,SORA
2550,WOLF
2551,FLOKITA
2552,FRXETH
2553,HASUI
2554,MILO
2555,HXXH
2556,TITANX
2557,FAM
2558,KOL
2559,METH
2560,GUI
2561,USDP
2562,Dovi
2563,enqAI
2564,LHINU
2565,HEMULE
2566,SAUCE
2567,WMNT
2568,SPACE
2569,OHM
2570,RPK
2571,LVN
2572,LIGO
2573,QUBIC
2574,AAST
2575,APX
2576,PDX
2577,BCUT
2578,FLZ
2579,BFICGOLD
2580,SEED
2581,MMUI
2582,AVAV
2583,SOLAMB
2584,EPEP
2585,PETS
2586,USDH
2587,STF
2588,CDX
2589,QANX
2590,STAR
2591,GRAIL
2592,CRH
2593,PURSE
2594,XT
2595,SYNC
2596,SCALE
2597,PATEX
2598,DOJO
2599,BIT
2600,HEX
2601,DIFX
2602,POU
2603,WORK
2604,TECH
2605,GFY
2606,REVO
2607,BNSx
2608,SI
2609,PEPE
2610,CATBOY
2611,USEDCAR
2612,BABYELON
2613,BABY
2614,HOLD
2615,FMB
2616,CZOL
2617,TENET
2618,OKT
2619,WOJAK
2620,STARS
2621,WGLMR
2622,UXD
2623,TAONU
2624,CHEX
2625,TYPE
2626,TBC
2627,W
2628,AIT
2629,AST
2630,BYTE
2631,PYI
2632,BRETT
2633,SDAI
2634,KUB
2635,ROCK
2636,WSBS
2637,CPC
2638,WELL
2639,USDC(WormHole)
2640,STBOT
2641,EGG
2642,HPO
2643,BERRY
2644,pogai
2645,ARKN
2646,TPU
2647,DEVVE
2648,X
2649,MTS
2650,BIZA
2651,SNS
2652,RFD
2653,LFG
2654,BLENDR
2655,MOCHI
2656,sUSDe
2657,VIA
2658,vAAVE
2659,GOLC
2660,CAU
2661,xcDOT
2662,PEPECOIN
2663,VMPX
2664,SIGN
2665,CANTO
2666,WCFX
2667,LOVE
2668,ZKML
2669,CBP
2670,STRDY
2671,PRX
2672,CHAPZ
2673,ASTO
2674,LENDS
2675,CAF
2676,WOLF
2677,RANKER
2678,MTC
2679,CAW
2680,RMV
2681,WAM
2682,GONE
2683,NUUM
2684,DOGGO
2685,RED
2686,CSAS
2687,VEC
2688,HEART
2689,ZEPH
2690,CLFI
2691,AEGIS
2692,PEAS
2693,GUAC
2694,EVMOS
2695,PCI
2696,GRAI
2697,AMO
2698,TYBG
2699,SOLY
2700,USTC
2701,PIF
2702,FORWARD
2703,MK
2704,AINN
2705,AMAPT
2706,CHONKY
2707,NINJA
2708,OBI
2709,OGCINU
2710,OSHI
2711,VBETH
2712,DOODOO
2713,MIA
2714,SMH
2715,EMR
2716,UPDOG
2717,BRIUN
2718,AI
2719,NPC
2720,IRON
2721,GRAM
2722,NFAI
2723,RAB
2724,ETHS
2725,CWIF
2726,BBC
2727,FORK
2728,AUDT
2729,CAPO
2730,MEME
2731,EUL
2732,DOGWIFHAT
2733,TIP
2734,F3
2735,VSC
2736,MXM
2737,FLUXB
2738,TYT
2739,APP
2740,SWITCH
2741,ELG
2742,MAR3
2743,stATOM
2744,DOLA
2745,KCAL
2746,DBZ
2747,ANML
2748,BABYWIF
2749,$STARLY
2750,LMR
2751,RJV
2752,BYAT
2753,USDC
2754,BAI
2755,FI
2756,JUSDT
2757,CHURRO
2758,BTCA
2759,CCC
2760,RDEX
2761,TIGRA
2762,IRL
2763,MNTA
2764,DFNDR
2765,ELGATO
2766,TATSU
2767,DAV
2768,VPR
2769,AIAT
2770,WHY
2771,00
2772,INS
2773,SIX
2774,LAKE
2775,SHIB
2776,PEPE
2777,ULX
2778,ETHX
2779,vTRX
2780,KNDX
2781,SMILE
2782,EETH
2783,SUDO
2784,WAS
2785,ARC
2786,SML
2787,BIF
2788,ZPAY
2789,INTL
2790,NAO
2791,FAKEAI
2792,BYTE
2793,GEAR
2794,PTH
2795,VELA
2796,GTA
2797,MINU
2798,NEX
2799,FANC
2800,SEOR
2801,BEN
2802,ferc
2803,CAT
2804,FUD
2805,WSB
2806,MCOIN
2807,NOVA
2808,LUCKYSLP
2809,POLYDOGE
2810,MCONTENT
2811,VARA
2812,MBD
2813,CVXFXS
2814,LIF3
2815,KNINE
2816,DERP
2817,GAMBIT
2818,0KN
2819,WFT
2820,MARVIN
2821,NITO
2822,MELD
2823,AGB
2824,NGL
2825,lisUSD
2826,OCT
2827,ANUS
2828,USDZ
2829,CRE
2830,ROSX
2831,STORE
2832,GAYPEPE
2833,AIX
2834,PICA
2835,WCKB
2836,SMART
2837,FACT
2838,SEXY
2839,MPIX
2840,HBB
2841,USK
2842,BCA
2843,LNDX
2844,ROG
2845,ALPHA
2846,PEPE
2847,DZOO
2848,TRESTLE
2849,FXC
2850,DIGI
2851,BIBI
2852,TOPIA
2853,SMURF
2854,DTORO
2855,MIM
2856,DKS
2857,ISHI
2858,GAMI
2859,BORING
2860,SBR
2861,CSWAP
2862,MTC
2863,ZZZ
2864,CLY
2865,OMI
2866,AGEUR
2867,MYRA
2868,GEKKO
2869,JEN
2870,TBANK
2871,SGB
2872,$ADS
2873,MZERO
2874,EMC
2875,wxDai
2876,STAMP
2877,DEXNET
2878,AIEPK
2879,SOMM
2880,HBD
2881,APED
2882,KERMIT
2883,ROND
2884,SPACEPI
2885,BTRFLY
2886,WOOF
2887,CWT
2888,QTO
2889,GINUX
2890,NETT
2891,BNBX
2892,CAJ
2893,CULO
2894,SQT
2895,ARX
2896,ZEDXION
2897,LINU
2898,PEPINU
2899,WMINIMA
2900,shibai
2901,WELSH
2902,CDOGE
2903,BABYTROLL
2904,VOW
2905,KIRA
2906,SRT
2907,LOCK
2908,BUILD
2909,NFE
2910,TLC
2911,FIT
2912,CAMLY
2913,RAFF
2914,GAU
2915,BOBO
2916,DSYNC
2917,PUMP
2918,4CHAN
2919,TONNEL
2920,SCNSOL
2921,GHO
2922,LYNX
2923,AI
2924,PANDO
2925,KARATE
2926,OCTA
2927,SUI
2928,SOON
2929,WBX
2930,IAG
2931,PIGEON
2932,TYPE
2933,LIXX
2934,FTI
2935,OX
2936,DORKL
2937,XRGB
2938,AIMX
2939,FROGE
2940,FEG
2941,RSC
2942,PIX
2943,MGG
2944,ABEY
2945,EGX
2946,GLFT
2947,BCOIN
2948,RODAI
2949,WTK
2950,SHIB2.0
2951,NLC
2952,X2Y2
2953,COMAI
2954,TANPIN
2955,CHMPZ
2956,MMVG
2957,CRETA
2958,BMAX
2959,LEOX
2960,GROKCEO
2961,GYMNET
2962,ankrBNB
2963,SOLAR
2964,SBF
2965,MUSK
2966,ACRIA
2967,SOUL
2968,BAZED
2969,ROKO
2970,OZONE
2971,REACH
2972,BISO
2973,ZKP
2974,MND
2975,CHINU
2976,FP
2977,PIZA
2978,MATICX
2979,IRT
2980,TGC
2981,MOROS
2982,GRAPE
2983,BEN
2984,ZYPTO TOKEN
2985,ABR
2986,RBT
2987,DONGO
2988,FOTTIE
2989,AI
2990,AC
2991,FAKT
2992,BLACKDRAGON
2993,ASTRA
2994,UNLEASH
2995,AXT
2996,ZKHIVE
2997,KBD
2998,REF
2999,ANON
3000,OMNOM
3001,WMOVR
3002,XVG
3003,DINO
3004,INAE
3005,VIRTUAL
3006,KABOSU
3007,OZONE
3008,AVI
3009,QI
3010,XRUN
3011,SPACEPI
3012,ARKER
3013,PAI
3014,MMM
3015,BOZO
3016,AICODE
3017,ERN
3018,VSUI
3019,FACTR
3020,FXD
3021,ROCKY
3022,KEP
3023,CKP
3024,VITA
3025,MUMU
3026,HAHA
3027,PALAI
3028,MIND
3029,PBX
3030,AIN
3031,MSQ
3032,SUIP
3033,ECLD
3034,ARS
3035,FAME
3036,GGG
3037,NESS
3038,SWIFTIES
3039,MDT
3040,FACEDAO
3041,TADA
3042,ETHG
3043,BASE
3044,USX
3045,RAIN
3046,FSC
3047,FDT
3048,XD
3049,REAL
3050,CX
3051,TALK
3052,PNDC
3053,FTRB
3054,KREST
3055,KINGY
3056,SRX
3057,DIS
3058,ZED
3059,MAI
3060,OBT
3061,TOKA
3062,CAL
3063,ELS
3064,PET
3065,ISSP
3066,MC
3067,HON
3068,MC
3069,KICKS
3070,WJEWEL
3071,BEFE
3072,HEFI
3073,ICE
3074,MIM
3075,MYTH
3076,FLAME
3077,OX
3078,BRZ
3079,CANDY
3080,HXD
3081,KORRA
3082,TURBOS
3083,TAPROOT
3084,BLD
3085,PI
3086,HALO
3087,CGV
3088,SOLZILLA
3089,COW
3090,BRCT
3091,MEME
3092,LOAF
3093,GMTO
3094,DOGI
3095,CLNX
3096,WASSIE
3097,PRINT
3098,FUD
3099,LAVA
3100,ACT
3101,RWN
3102,SEILOR
3103,TOTO
3104,GBEX
3105,PG
3106,EVO
3107,PEPEBRC
3108,NALS
3109,RCM
3110,ETH2X-FLI
3111,WKAS
3112,TAKI
3113,NEAT
3114,NS
3115,BEPE
3116,FUTURE
3117,DOG
3118,EJS
3119,XPE
3120,GPUINU
3121,AURA
3122,PAYS
3123,FOOD
3124,osETH
3125,CRAZYBUNNY
3126,IUSD
3127,MELOS
3128,XX
3129,PSUB
3130,SOLO
3131,APE
3132,ICNX
3133,SQUID
3134,WCORE
3135,CATE
3136,PAW
3137,VES
3138,KAP
3139,ELUSKMON
3140,BOMB
3141,TXP
3142,HSUITE
3143,KIRBY
3144,CIRCLE
3145,CAD
3146,LEE
3147,CLOUD
3148,GECKO
3149,MVX
3150,LICK
3151,VCORE
3152,HPY
3153,SCS
3154,RBNB
3155,OSAK
3156,CROWN
3157,OMN
3158,VRX
3159,YAK
3160,REDLUNA
3161,EQ
3162,RING
3163,PHAUNTEM
3164,HYPC
3165,VSG
3166,WIOTX
3167,PORT
3168,FRGX
3169,JAN
3170,LOONG
3171,XRPAYNET
3172,MEOW
3173,WTFUEL
3174,ALT
3175,VRL
3176,FINE
3177,INDEX
3178,UBU
3179,ORAIX
3180,MILLI
3181,MVP
3182,GCAKE
3183,SILLYCAT
3184,GNX
3185,MMX
3186,WINR
3187,RSTK
3188,GROW
3189,YOM
3190,RYOSHI
3191,FNCT
3192,OBOT
3193,BOB
3194,HO
3195,FINE
3196,MUNITY
3197,MMF
3198,SMOL
3199,DOGE2.0
3200,SAFE
3201,$BULL
3202,WAGIEBOT
3203,TAP
3204,PLN
3205,IXT
3206,HAKA
3207,MOE
3208,WX
3209,HUAHUA
3210,FUNCH
3211,HMT
3212,CREDI
3213,GLINT
3214,KNFT
3215,XERS
3216,USP
3217,USDY
3218,SIMP
3219,DOGS
3220,AGII
3221,AA
3222,NSDX
3223,LOOP
3224,HIPP
3225,COL
3226,LUMI
3227,SDCRV
3228,SYL
3229,DOMI
3230,MBLK
3231,RABBIT
3232,SOLNIC
3233,NLS
3234,CTP
3235,FMC
3236,PIF
3237,D3D
3238,ENG
3239,PROTEO
3240,DFT
3241,FOUR
3242,BABYTRUMP
3243,PRB
3244,HYCO
3245,ECLIP
3246,WIGO
3247,CVXCRV
3248,$L
3249,SON
3250,EQX
3251,SOAI
3252,SEAM
3253,MURATIAI
3254,EPIKO
3255,TRU
3256,VUZZ
3257,YDF
3258,BIT
3259,SOLANA
3260,RBC
3261,ZKPEPE
3262,369
3263,WCFG
3264,ACT
3265,SPT
3266,METANO
3267,SCB
3268,BLACK
3269,ECOIN
3270,KIZUNA
3271,DIVER
3272,VONSPEED
3273,FLOKICEO
3274,FOLD
3275,SWEEP
3276,RAKE
3277,BRATT
3278,APFC
3279,OWL
3280,$OPHX
3281,ORBIT
3282,BAOS
3283,SMRT
3284,JOE
3285,JNB
3286,UGOLD
3287,JFIN
3288,STON
3289,MRHB
3290,GROK 1.5
3291,HST
3292,SPURDO
3293,SOC
3294,WIT
3295,SOPH
3296,MUTE
3297,P3D
3298,EQ
3299,VPAD
3300,SHIBAAI
3301,BLAST
3302,stTIA
3303,ALV
3304,ATPAY
3305,BUFFET
3306,CHUB
3307,KOIN
3308,FLX
3309,SSHIB
3310,ECOTERRA
3311,MEER
3312,REAL
3313,EMP
3314,ARBI
3315,CGL
3316,ARBUZ
3317,NHCT
3318,XFI
3319,SPOL
3320,AMKT
3321,DUBBZ
3322,RIDE
3323,BULL
3324,GULF
3325,GWD
3326,ZKID
3327,NEMS
3328,PLB
3329,BCB
3330,GSX
3331,$PEEP
3332,VAULT
3333,BABYPEPE
3334,REALM
3335,LYXe
3336,BYTES
3337,DEFY
3338,DCARD
3339,LCRO
3340,JUNO
3341,$GENE
3342,LQ
3343,WSTOR
3344,KLKS
3345,NEUROS
3346,KT
3347,THOR
3348,OXN
3349,ADDAMS
3350,FON
3351,SMCW
3352,MGP
3353,RENQ
3354,KCAKE
3355,SFL
3356,xXx
3357,SONNE
3358,RISITA
3359,PRIMAL
3360,NINU
3361,JKL
3362,GHUB
3363,THOREUM
3364,DMT
3365,RABI
3366,WASTR
3367,HMTT
3368,MMPRO
3369,PEPI
3370,BIOFI
3371,AQUA
3372,FAST
3373,FXI
3374,INU
3375,TND
3376,PLSARB
3377,MKT
3378,NEW
3379,SEKAI
3380,VERA
3381,stMATIC
3382,LVL
3383,GRELF
3384,DMCC
3385,EQU
3386,SPRT
3387,SHIBDOGE
3388,PLXY
3389,CAPP
3390,MYRIA
3391,MTS
3392,WWDOGE
3393,RFKJ
3394,SSE
3395,FJT
3396,MGC
3397,JTC
3398,GALAXY
3399,STONKS
3400,NFD
3401,EDUM
3402,IXS
3403,AZURE
3404,AQTIS
3405,$SNOOPY
3406,CHMB
3407,CHATGPT
3408,WEAR
3409,BLOCK
3410,KNJ
3411,PAYN
3412,ANDY
3413,VRD
3414,SFRXETH
3415,CHANGE
3416,$SPONGE
3417,XAH
3418,TPAD
3419,FRR
3420,MEAN
3421,GGAVAX
3422,BURRRD
3423,MB4
3424,LDZ
3425,DGLN
3426,HUT
3427,OETH
3428,ARCHIVE
3429,FPIS
3430,SRLTY
3431,TRUMP INU
3432,GOHM
3433,MDI
3434,SEAT
3435,BTCT
3436,HIT
3437,SAP
3438,ONI
3439,BFG
3440,REBUS
3441,LET
3442,DOGECEO
3443,HOSTAI
3444,EShib
3445,MONIE
3446,LYUM
3447,AITK
3448,SAVG
3449,EOSC
3450,PDX
3451,ASTRO
3452,FORE
3453,RST
3454,TRSCT
3455,DEBT
3456,SBONK
3457,PEEPO
3458,BCAT
3459,LENFI
3460,FNZ
3461,SOLAV
3462,CBSL
3463,xDAI
3464,CRYSTAL
3465,INST
3466,KUSUNOKI
3467,CLH
3468,POTATO
3469,DG
3470,DINO
3471,PALM
3472,AMC
3473,KAIJU
3474,GM
3475,FINC
3476,SNST
3477,GIAC
3478,MORRA
3479,LGX
3480,METO
3481,DYP
3482,TRUMP
3483,SG
3484,KVERSE
3485,SCAR
3486,1SOL
3487,SPC
3488,IC
3489,BEAR
3490,DUG
3491,REVU
3492,CRAZY
3493,CCASH
3494,ZAM
3495,BABYTRUMP
3496,KEKEC
3497,PRXY
3498,BSGG
3499,CAT
3500,MILOCEO
3501,BABYCEO
3502,AKTIO
3503,DAWG
3504,MAI
3505,RBT
3506,AIA
3507,GM
3508,THB
3509,BABYPEPE
3510,HDX
3511,ACM
3512,MM
3513,$HUB
3514,SPECTRE
3515,BURNS
3516,TEM
3517,WEVER
3518,BTCIX
3519,DWARS
3520,PIIN
3521,JET
3522,SQUAD
3523,PLT
3524,MOBX
3525,HAO
3526,NOOT
3527,FREL
3528,BOARD
3529,HOTKEY
3530,NOTHING
3531,WCDONALDS
3532,EVDC
3533,BNBDOG
3534,CRYN
3535,DLLR
3536,GGTK
3537,XRPC
3538,LUNR
3539,VICS
3540,TKST
3541,HSUI
3542,WEBAI
3543,SEAN
3544,THING
3545,BABYMUSK
3546,CATFISH
3547,KING
3548,DOGE-1
3549,JOLT
3550,STNEAR
3551,YAY
3552,VT
3553,AIUS
3554,AIAKITA
3555,DVRS
3556,CREDIT
3557,FRONK
3558,TMC
3559,WUSD
3560,IBIT
3561,VICA
3562,CUMINU
3563,CAL
3564,LQDX
3565,LUNCARMY
3566,MLXC
3567,QKNTL
3568,SRBP
3569,GGP
3570,MCN
3571,ATECH
3572,CARAT
3573,BHAT
3574,ZETRIX
3575,ALOT
3576,PORTAL
3577,BIO
3578,KURO
3579,SPOT
3580,ASM
3581,kitty
3582,LYF
3583,WOJAK2.69
3584,GEOD
3585,INSC
3586,LOST
3587,LGBT
3588,SCRL
3589,XFLOKI
3590,HUSKY
3591,DUA
3592,GOLDEN
3593,TBC
3594,DSFR
3595,VEIL
3596,CEO
3597,CS
3598,XOX
3599,EURe
3600,OGY
3601,eUSD
3602,ARCAS
3603,CPU
3604,KINT
3605,MWCC
3606,BABYDRAGON
3607,ATRNO
3608,CYBA
3609,SMT
3610,GAMMA
3611,GOLD
3612,NEONAI
3613,TRUMP2024
3614,SPELLFIRE
3615,CR
3616,SPARTA
3617,BABYSORA
3618,BAG
3619,METAL
3620,stDYDX
3621,ZZ
3622,RVST
3623,ECOREAL
3624,LUFFY
3625,ZINU
3626,UNMD
3627,OPTIMUS AI
3628,KTT
3629,WGT
3630,FUSDC
3631,PSL
3632,BLOCK
3633,PAYU
3634,WEB
3635,GMR
3636,AFD
3637,WEC
3638,MOETA
3639,BOX
3640,PIG
3641,BMEX
3642,WPOKT
3643,BURN
3644,STIMA
3645,CCHG
3646,FXB
3647,SAT
3648,MESA
3649,TROVE
3650,ZENIQ
3651,SCANS
3652,ASM
3653,PAC
3654,DFND
3655,BIDEN
3656,THE
3657,NEOX
3658,EVU
3659,SHD
3660,SEND
3661,A4M
3662,TRIBL
3663,LKT
3664,PWC
3665,TFI
3666,WATT
3667,CENX
3668,MINAR
3669,MMT
3670,SUIA
3671,MEX
3672,XPB
3673,TRACE
3674,CIF
3675,SGT
3676,TIPS
3677,BEAR
3678,FIST
3679,ANG
3680,CNG
3681,CATS
3682,TRI
3683,ASTRO
3684,RVM
3685,DEXTF
3686,XFT
3687,MATA
3688,PIRI
3689,RING
3690,AUR
3691,NEXM
3692,SFM
3693,HODL
3694,FT
3695,MAGA
3696,STEAK
3697,SHEZMU
3698,SKB
3699,GWGW
3700,CTEX
3701,LNR
3702,REKT
3703,FID
3704,MMT
3705,MAI
3706,AIPEPE
3707,PASG
3708,HERMES
3709,UNIDEXAI
3710,AIR
3711,SOBER
3712,NEKO
3713,SUNNY
3714,IDO
3715,PLS
3716,Bear
3717,PLUG
3718,FLIGHT
3719,BOXETH
3720,CRAMER
3721,SABAI
3722,ASH
3723,RBC
3724,HMX
3725,OCC
3726,AI
3727,ECTE
3728,GVC
3729,WELD
3730,CRVFRAX
3731,SAMA
3732,NOVA
3733,DYNMT
3734,CAI
3735,BRGE
3736,AIMBOT
3737,PLX
3738,YAK
3739,PLQ
3740,GOMT
3741,DPX
3742,DVP
3743,LEMN
3744,MNTL
3745,PSI
3746,ORACLE
3747,FMC
3748,YCT
3749,GALEON
3750,MTRM
3751,KOGE
3752,LYNK
3753,PUMP
3754,wROSE
3755,STZETA
3756,FLOKIBURN
3757,WZETA
3758,MANIA
3759,CHAT
3760,ENO
3761,EMOJI
3762,XTREME
3763,SWISE
3764,SPONGE
3765,OLAND
3766,CREPE
3767,VRSW
3768,ANTC
3769,LIZA
3770,HOP
3771,UBSN
3772,OMMI
3773,WHT
3774,LAVITA
3775,CADINU
3776,TARAL
3777,KRRX
3778,BOK
3779,MAPE
3780,FROG
3781,FOOM
3782,PKT
3783,OTSEA
3784,FPS
3785,EDAT
3786,MZR
3787,DCHF
3788,RAIL
3789,OASIS
3790,BLXM
3791,IONX
3792,$KABOSU
3793,STSW
3794,ASEED
3795,FLOYX
3796,SPIZ
3797,CYCON
3798,SIPHER
3799,EARN
3800,WDOGE
3801,NWS
3802,GTN
3803,DIS
3804,LEO
3805,NEWM
3806,SOLAR
3807,CVIP
3808,UT
3809,JONES
3810,B2M
3811,ZIX
3812,AIKEK
3813,vTUSD
3814,SMART
3815,SAITABIT
3816,MEGALAND
3817,DRAGON
3818,SCALE
3819,ESG
3820,PUPPIES
3821,TRUMP
3822,GFT
3823,MTHN
3824,PRNT
3825,ARCH
3826,EGC
3827,LUXY
3828,PAXU
3829,EQ9
3830,DEGA
3831,SHIBA
3832,GUILD
3833,MAGA
3834,BSL
3835,cats
3836,ZOA
3837,LPOOL
3838,TUCKER
3839,JNX
3840,BEBE
3841,GROK
3842,HTT
3843,EXTRA
3844,IPX
3845,STEMX
3846,LOOT
3847,MNR
3848,AVTM
3849,BENJI
3850,RBX
3851,MOONEY
3852,EVEAI
3853,PC
3854,ANGLE
3855,TGPT
3856,VOLT
3857,BLACK
3858,ITHEUM
3859,TGT
3860,LBTC
3861,UCX
3862,LFG
3863,WEAPON
3864,AXO
3865,PLEX
3866,SOBB
3867,$LAPTOP
3868,SLC
3869,LIMO
3870,BSWAP
3871,NFTS
3872,CALI
3873,BTC2.0
3874,XLS
3875,LBT
3876,EGRN
3877,ZOOMER
3878,RNDX
3879,ITX
3880,SVN
3881,BTCINU
3882,PSB
3883,WRT
3884,X
3885,LMAO
3886,RAVEN
3887,BIIS
3888,CHEERS
3889,MEOW
3890,SBABE
3891,EVA
3892,DOGECOIN
3893,MNFT
3894,YOTO
3895,ATNT
3896,REUNI
3897,NAOS
3898,MICKEY
3899,HADES
3900,EUROE
3901,LOFI
3902,UGAS
3903,HOLDEX
3904,MARVIN
3905,WJXN
3906,NZERO
3907,MAGA
3908,FAVR
3909,EMAID
3910,MANDOX
3911,BBT
3912,DDD
3913,TORI
3914,BOX
3915,WKC
3916,PINU
3917,DHLT
3918,BESA
3919,GCC
3920,$HMT
3921,SEX
3922,QMALL
3923,SFTMX
3924,ITA
3925,GNOME
3926,OORC
3927,HERA
3928,MTR
3929,VXT
3930,SONAR
3931,stAPT
3932,UXP
3933,HE
3934,BTCMT
3935,DOGPAD
3936,USDs
3937,LARIX
3938,ODGN
3939,ASTRADAO
3940,NEWG
3941,PLCU
3942,GFLY
3943,VNO
3944,GRUM
3945,LIZARD
3946,XENO
3947,WHALE
3948,UNSHETH
3949,INU
3950,KIBA
3951,BXC
3952,DOLZ
3953,$PEPE
3954,SOLSPONGE
3955,FXY
3956,AET
3957,GBOY
3958,GROK
3959,NVX
3960,EGC
3961,SILV2
3962,RBP
3963,GOKU
3964,SIZ
3965,BVC
3966,IPMB
3967,FIWA
3968,REDDIT
3969,JUMBO
3970,PRI
3971,HODL
3972,UNP
3973,HAY
3974,KDOE
3975,D2T
3976,EQB
3977,TRIVIA
3978,KNS
3979,KON
3980,FREN
3981,TRI
3982,LILA
3983,DLY
3984,PEPE
3985,ATH
3986,FANX
3987,WXDC
3988,CMCX
3989,XLT
3990,METAV
3991,BOOK
3992,MCT
3993,IUX
3994,HBT
3995,$INR
3996,MGT
3997,SPOOL
3998,EQUAL
3999,STARS
4000,DUSD
4001,XPLL
4002,UNQ
4003,KFI
4004,STL
4005,MEMES
4006,BEMD
4007,DEFIDO
4008,XODEX
4009,EPIX
4010,PNL
4011,IVY
4012,XDAO
4013,LION
4014,TXT
4015,MFAM
4016,VENT
4017,GTX
4018,IBTC
4019,HYPES
4020,XAI
4021,MARU
4022,NT
4023,PUFF
4024,GP
4025,SILK
4026,PPI
4027,MTC
4028,PTX
4029,CNC
4030,JARY
4031,FAV
4032,DV
4033,MAYP
4034,CRF
4035,Cheems
4036,NIOX
4037,GGT
4038,TRUMP
4039,FALCONS
4040,CORGI
4041,NMD
4042,MOBI
4043,ECOX
4044,GRL
4045,DD
4046,LIT
4047,THT
4048,NGC
4049,SAUCEINU
4050,EVE
4051,CAVADA
4052,SOLR
4053,ULTRA
4054,HONK
4055,EXCC
4056,BLAST
4057,KAI
4058,GMEX
4059,TTM
4060,ATEM
4061,OSHI
4062,UCON
4063,M87
4064,SIMPSON
4065,EGS
4066,SASHIMI
4067,GAIA
4068,bPRIVA
4069,STRIP
4070,MAJO
4071,OSQTH
4072,KNK
4073,OCN
4074,CNG
4075,CC
4076,MPH
4077,OCD
4078,mCUSD
4079,EXEN
4080,BFHT
4081,MEGA
4082,DEB
4083,INSP
4084,BUDDHA
4085,ICG
4086,PIN
4087,SFIN
4088,TSC
4089,SHIT
4090,EXD
4091,AKITAX
4092,JPEG
4093,BOSS
4094,PONKE BNB
4095,GTC
4096,ZCN
4097,EVR
4098,MELANIA
4099,LMCSWAP
4100,CLASS
4101,NPICK
4102,MIMATIC
4103,INK
4104,PAPA
4105,LORDS
4106,BEETS
4107,JBX
4108,RYOMA
4109,BTTY
4110,TIDE
4111,CFXQ
4112,4JNET
4113,AIE
4114,GHNY
4115,BPET
4116,CELT
4117,KUNAI
4118,RFT
4119,GRAPE
4120,ZAT
4121,PIXEL
4122,RDT
4123,ABC
4124,ALD
4125,WNK
4126,HOLD
4127,MODEX
4128,FERMA
4129,EGAME
4130,NCO
4131,MODA
4132,W3S
4133,SDOGE
4134,ATOZ
4135,WONE
4136,THOL
4137,FTHM
4138,GIB
4139,CLUB
4140,ONUS
4141,YFX
4142,3KM
4143,WCA
4144,DMS
4145,2DAI
4146,GEMINI
4147,DEOD
4148,GBPT
4149,BSPT
4150,BSX
4151,ERTH
4152,CROID
4153,GROW
4154,AIX
4155,ZPT
4156,ELK
4157,MAG
4158,JAY
4159,Ari10
4160,SAUDIBONK
4161,$BSV
4162,BANK
4163,ATEM
4164,XPAY
4165,QR
4166,SRM
4167,DMOON
4168,KAF
4169,$TMNT
4170,MYTH
4171,GOLD
4172,JUP
4173,LUNCH
4174,ADA
4175,AIRB
4176,FORA
4177,FRC
4178,USHARK
4179,CIX
4180,KOMPETE
4181,ASS
4182,CPC
4183,YACHT
4184,CLIPS
4185,PGX
4186,MEMEME
4187,ADOGE
4188,SCM
4189,POP
4190,BGN
4191,PTP
4192,HSC
4193,DRAC
4194,UWU
4195,THALES
4196,IST
4197,MAIA
4198,BABYSHIB
4199,PHCR
4200,COLT
4201,MMC
4202,BTO
4203,BNX
4204,DBD
4205,RAM
4206,KAKI
4207,WGRT
4208,GENS
4209,XSP
4210,TROSS
4211,SAFEMARS
4212,TITA
4213,CAT
4214,QIE
4215,TCT
4216,TTT
4217,ATK
4218,FREN
4219,REL
4220,SOLEX
4221,UVT
4222,IRENA
4223,ONS
4224,ZODI
4225,PI
4226,BABI
4227,TNC
4228,STC
4229,STRIP
4230,DOGE-1
4231,AXL
4232,stOSMO
4233,LAIKA
4234,XPX
4235,PHM
4236,LBA
4237,MBASE
4238,XI
4239,VIDYX
4240,CODEX
4241,BIG
4242,WECO
4243,3P
4244,NMT
4245,SOLID
4246,BRRR
4247,ARTR
4248,HILO
4249,SPAY
4250,CHICA
4251,DFX
4252,ONC
4253,GEMSTON
4254,ZUCKPEPE
4255,PARAS
4256,MDX
4257,IDYP
4258,FFM
4259,PAI
4260,RIA
4261,WHIRL
4262,CHAMP
4263,SORADOGE
4264,GIP
4265,DFI
4266,TRI
4267,NAS
4268,SOLANA
4269,JPYC
4270,ASTRA
4271,CRAYRABBIT
4272,AWM
4273,ALPA
4274,NII
4275,ZLK
4276,IGUP
4277,POX
4278,TOOLS
4279,VEST
4280,SOH
4281,XNFT
4282,IMT
4283,STAR
4284,KIF
4285,CRE
4286,SILO
4287,DIS
4288,GDCC
4289,SUPE
4290,XFUND
4291,FUZN
4292,UNIDX
4293,CAI
4294,CIR
4295,FOMO
4296,FIRE
4297,DOP
4298,XSAUCE
4299,AGRO
4300,FAN
4301,PEN
4302,LIEN
4303,SFTY
4304,RENT
4305,EMPIRE
4306,MM
4307,VST
4308,GFT
4309,CIND
4310,SNAP
4311,MINI
4312,MDA
4313,RIA
4314,CHAIN
4315,BOBO
4316,GEM
4317,GAYSLER
4318,VOLR
4319,DPY
4320,CART
4321,XRAI
4322,DUCK
4323,RKR
4324,NBOT
4325,HIT
4326,AJNA
4327,VADER
4328,DINGER
4329,BABYLONG
4330,LSD
4331,BOMB
4332,CTN
4333,HID
4334,KLUB
4335,SYNR
4336,TSHARE
4337,KABOSU
4338,ADEL
4339,$YAKU
4340,AFG
4341,BIBL
4342,DHP
4343,RDN
4344,SHIELD
4345,GSYS
4346,MCRN
4347,BLUES
4348,DARC
4349,DEUS
4350,CYS
4351,VIDY
4352,VP
4353,WISE
4354,UNDEAD
4355,BRD
4356,MDF
4357,BAKED
4358,ASCN
4359,CS
4360,WAR
4361,HDV
4362,LODE
4363,OST
4364,LOON
4365,GXE
4366,OPV
4367,SDOGE
4368,BAJU
4369,GLI
4370,COFI
4371,LYRA
4372,DOC
4373,NPM
4374,GEMINI
4375,RED
4376,NBP
4377,XAI
4378,MNZ
4379,MVG
4380,DSRUN
4381,GGM
4382,HABIBI
4383,IHT
4384,MARS
4385,COFI
4386,BIOP
4387,BTL
4388,PORTX
4389,LEMO
4390,DXCT
4391,PRT
4392,MRCH
4393,REM
4394,RBD
4395,LZM
4396,ROUP
4397,CBANK
4398,CSTR
4399,DUCK
4400,TFS
4401,KPAD
4402,SOP
4403,BXBT
4404,IZE
4405,BAGS
4406,BNTY
4407,LEMD
4408,KRIDA
4409,MTN
4410,FST
4411,FNF
4412,BABYDOGE2.0
4413,STI
4414,NITRO
4415,EOSDAC
4416,ATP
4417,GINOA
4418,MIMIR
4419,GIDDY
4420,WTHETA
4421,DFY
4422,RIK
4423,vLUNA
4424,BIFI
4425,ESS
4426,LFG
4427,XPRESS
4428,PKN
4429,NUT
4430,CORAL
4431,PINE
4432,UNN
4433,JUSTICE
4434,DUCX
4435,MDS
4436,BOLT
4437,WKLAY
4438,BDT
4439,NLINK
4440,VCX
4441,HCT
4442,MLNK
4443,JFIVE
4444,KUMA
4445,LINQ
4446,BXH
4447,BALD
4448,OPN
4449,LIQ
4450,RAM
4451,TI
4452,GDT
4453,MOVE
4454,GUARD
4455,LBLOCK
4456,VTX
4457,TMNG
4458,INVI
4459,FDC
4460,FWW
4461,GAI
4462,MF
4463,MC
4464,EVERMOON
4465,SLNV2
4466,BDCL BSC
4467,ASIA
4468,SHARBI
4469,XMC
4470,ETERNAL
4471,MINER
4472,ASG
4473,CHILI
4474,CCV2
4475,GOD
4476,CHAMPZ
4477,BCDN
4478,PST
4479,USA
4480,TREAT
4481,MCL
4482,NINKY
4483,SX
4484,AMAZINGTEAM
4485,NXN
4486,QBT
4487,SNTR
4488,VERI
4489,INS
4490,BANANA
4491,PSY
4492,ASY
4493,0XGAS
4494,ZPC
4495,EVERMOON
4496,GAS
4497,TETHYS
4498,LIS
4499,RCN
4500,XMX
4501,SOURCE
4502,GPT
4503,OVN
4504,VARK
4505,SER
4506,FRGST
4507,MINE
4508,ENCS
4509,PAF
4510,PHTR
4511,T23
4512,ARBS
4513,DHX
4514,GSE
4515,SBTC
4516,GIGA
4517,EHASH
4518,MLS
4519,ZTG
4520,BFT
4521,LIQD
4522,USDTV
4523,ASTROC
4524,SPYRO
4525,NEURONI
4526,WDOT
4527,TRUMP
4528,MSHD
4529,USDGLO
4530,CARR
4531,APW
4532,F1C
4533,JCO
4534,AKT
4535,MCO2
4536,MGPT
4537,TITAN
4538,MNB
4539,Teddy V2
4540,WAG
4541,BUMP
4542,ELEC
4543,FLAME
4544,BFR
4545,PTS
4546,NINJA
4547,MHUNT
4548,PIZA
4549,SEC
4550,GEC
4551,ONX
4552,SYNTH
4553,XACT
4554,EPAN
4555,YIN
4556,PEAR
4557,SECT
4558,TRCL
4559,ZURR
4560,CBY
4561,FUEL
4562,MIC
4563,KBOX
4564,SINGLE
4565,ATS
4566,BRUSH
4567,STX
4568,MXT
4569,EG
4570,CHD
4571,OCAI
4572,HACHI
4573,MEPAD
4574,HERA
4575,OVO
4576,CRT
4577,JEFF
4578,wSIENNA
4579,DXN
4580,WADA
4581,QASH
4582,SOL
4583,FILDA
4584,$FM
4585,WANNA
4586,RAK
4587,PPAD
4588,CTR
4589,COC
4590,PORA
4591,FOREX
4592,POPK
4593,FARMS
4594,RICE
4595,JEFF
4596,RATIO
4597,AES
4598,AVO
4599,WOOO
4600,SKM
4601,DEK
4602,AAA
4603,HTE
4604,VMT
4605,MMY
4606,DANA
4607,NAV
4608,UNQ
4609,UCJL
4610,VRO
4611,4TOKEN
4612,PERA
4613,BOMB
4614,CAT
4615,FREE
4616,OS
4617,WFO
4618,XDAG
4619,UUSD
4620,TON
4621,NVG
4622,TAI
4623,WPEPE
4624,AITEK
4625,ARTEM
4626,ICONS
4627,HOME
4628,XSB
4629,XCEPT
4630,YESP
4631,KAKA
4632,HGHG
4633,tAPT
4634,CHAT
4635,POT
4636,VEE
4637,MET
4638,CRDC
4639,PSWAP
4640,GDC
4641,PRIDE
4642,OME
4643,ETP
4644,REAL
4645,BCNT
4646,JFI
4647,YYAVAX
4648,QTC
4649,SPXC
4650,INDI
4651,POU
4652,ORO
4653,FAME
4654,CLOUD
4655,CHER
4656,ALF
4657,EPETS
4658,SKT
4659,RATING
4660,CONE
4661,DES
4662,DACAT
4663,BP
4664,PLT
4665,METAN
4666,BS
4667,CASINU
4668,MIS
4669,OPA
4670,WZM
4671,F2C
4672,SRG
4673,NANA
4674,KFC
4675,MQL
4676,CORN
4677,MOOO
4678,FLURRY
4679,TPAD
4680,JNGL
4681,WNEON
4682,MOT
4683,WEX
4684,CUP
4685,BACON
4686,ARCADE
4687,WNZ
4688,BAMBOO
4689,KGC
4690,WTG
4691,OPMND
4692,KNOT
4693,RIBBIT
4694,SNK
4695,DMLG
4696,SPHRI
4697,THEOS
4698,IMAYC
4699,EMON
4700,MGA
4701,MATCH
4702,REIGN
4703,BLIN
4704,PANDA
4705,ENNO
4706,SPEX
4707,B3X
4708,TBTC
4709,GOV
4710,TOMB
4711,SKRT
4712,D2O
4713,ZSC
4714,MCASH
4715,SOLPAD
4716,ISKY
4717,SATOSHI
4718,MART
4719,MOJO
4720,GODE
4721,NOA
4722,VALUE
4723,TSHP
4724,TTK
4725,UW3S
4726,Teller
4727,STZ
4728,UNDEAD
4729,TARI
4730,SRP
4731,BLOB
4732,TAUR
4733,ZONE
4734,PSPS
4735,PROB
4736,DILI
4737,ETI
4738,SMF
4739,MELI
4740,SAIL
4741,CV
4742,MOTG
4743,OCICAT
4744,DELI
4745,RIM
4746,BAS
4747,AAG
4748,SMR
4749,MTG
4750,FODL
4751,ALM
4752,BOX
4753,XET
4754,OPS
4755,BURP
4756,AUTUMN
4757,PGT
4758,QLINDO
4759,SONIC
4760,CANCER
4761,XETH
4762,TSL
4763,HOPPY
4764,BOOT
4765,NUT
4766,$RDF
4767,FILST
4768,UMMA
4769,DOS
4770,EFT
4771,TTC
4772,PRE
4773,SNFTS
4774,MANE
4775,LEV
4776,FOXY
4777,KTK
4778,STKBNB
4779,CAPY
4780,ENV
4781,MT
4782,OPEN
4783,FWB
4784,SHEB
4785,DCRN
4786,ITEM
4787,CNAME
4788,SCY
4789,$BONG
4790,WISTA
4791,NFTL
4792,MoFi
4793,NFTBS
4794,LSD
4795,MGKL
4796,HOLD
4797,stEVMOS
4798,JUGNI
4799,stINJ
4800,G1X
4801,LOA
4802,USDR
4803,DEGEN
4804,OGSM
4805,VD
4806,TBE
4807,XNP
4808,MEGAHERO
4809,USH
4810,CHOKE
4811,TREMP
4812,GBD
4813,LEIA
4814,SPIN
4815,RIN
4816,DOGEGF
4817,MYST
4818,CSC
4819,ARRO
4820,EMP
4821,DAL
4822,SWU
4823,MOI
4824,CEM
4825,GETA
4826,NOLA
4827,ARB
4828,BVT
4829,MOONED
4830,APU
4831,CHFT
4832,pBTC35A
4833,AIS
4834,EFK
4835,HDRN
4836,CRAFT
4837,FKPEPE
4838,ONNO
4839,DFD
4840,DFL
4841,HBARX
4842,PLCUC
4843,GTCOIN
4844,HAT
4845,KWAI
4846,LFNTY
4847,PARA
4848,CTR
4849,KAU
4850,CUT
4851,EDUX
4852,BLES
4853,GNOME
4854,QTF
4855,NEPT
4856,MNST
4857,LTX
4858,PLACE
4859,AMT
4860,OLEA
4861,PHAME
4862,BUGS
4863,BTAF
4864,CHAD
4865,JIM
4866,XPTP
4867,ATD
4868,CNNS
4869,MAX
4870,SAL
4871,BCX
4872,LOPES
4873,SNET
4874,BKN
4875,PLS
4876,MBOT
4877,$GF
4878,MAGICK
4879,GRBE
4880,COINSCOPE
4881,FIDO
4882,GAMES
4883,DELFI
4884,HOA
4885,TRG
4886,NXD
4887,BTAMA
4888,SDR
4889,NKCLC
4890,HMNG
4891,VOLTA
4892,WUSDR
4893,PUGAI
4894,PACT
4895,GM
4896,SWAY
4897,WOOOOO!
4898,CYBER
4899,ASH
4900,SYM
4901,SATOX
4902,BTCPX
4903,KAG
4904,BTCV
4905,DEC
4906,FKSK
4907,MJT
4908,SONA
4909,POLYPAD
4910,SWOT
4911,WELA
4912,JP
4913,BERN
4914,NOVA
4915,OKINAMI
4916,RB
4917,WARPED
4918,LINKFI
4919,CLAY
4920,ORD
4921,RENEC
4922,CWT
4923,0XL
4924,BITO
4925,WOOL
4926,LWC
4927,CSOV
4928,LQDR
4929,MOE
4930,ND
4931,WINTER
4932,NMX
4933,ESW
4934,RIB
4935,GORA
4936,MVI
4937,OPAIG
4938,GENS
4939,ROBIN
4940,GOFX
4941,ANI
4942,VTG
4943,QSR
4944,AUD
4945,DAO
4946,DOGECUBE
4947,SFEX
4948,CAIR
4949,XIL
4950,SMILEK
4951,DEVT
4952,XDOGE
4953,QWT
4954,SIFU
4955,MTRK
4956,SWAP
4957,FBX
4958,NIIFI
4959,JEUR
4960,mCEUR
4961,SMUDGE
4962,SFL
4963,PALM
4964,RAFT
4965,VMS
4966,DOGS
4967,MFET
4968,BEFTM
4969,VC
4970,PD
4971,HON
4972,ALTB
4973,RVLNG
4974,SETH2
4975,XOT
4976,PEARL
4977,APING
4978,$FORGE
4979,AGN
4980,HLN
4981,XCFX
4982,GAN
4983,BPLC
4984,MCT
4985,SU
4986,FCTR
4987,CZZ
4988,VATRENI
4989,RAKE
4990,BlueSparrow
4991,DGNX
4992,MZM
4993,ITSB
4994,SNMT
4995,PAVIA
4996,EFFORT
4997,IPOR
4998,LOVE
4999,TOSHE
